,GetInformationDate,Topic,Link
0,2019/01/26 18:12:40,アメリカなどの一部地域で「スーパームーン」の皆既月食を観測,http://news.livedoor.com/topics/detail/15907269/
1,2019/01/26 18:12:40,ブラックホール同士がぶつかると？融合しより大きな1つの球に,http://news.livedoor.com/topics/detail/15908296/
2,2019/01/26 18:12:40,月の裏側への着陸に成功した中国「米国から協力求められた」,http://news.livedoor.com/topics/detail/15899902/
3,2019/01/26 18:12:40,新型宇宙船 操作はタッチパネル,http://news.livedoor.com/topics/detail/15898492/
4,2019/01/26 18:12:40,大質量星が作り出した荒れ狂う驚異の様な星形成領域,http://news.livedoor.com/topics/detail/15897365/
5,2019/01/26 18:12:40,JAXAが宇宙ベンチャーを支援 人工流れ星など新事業創出へ,http://news.livedoor.com/topics/detail/15898295/
6,2019/01/26 18:12:40,月面初の植物栽培 中国探査機「嫦娥4号」で綿花が発芽,http://news.livedoor.com/topics/detail/15882537/
7,2019/01/26 18:12:40,20億年後に銀河系が大衝突か 太陽系が宇宙を突き抜ける可能性も,http://news.livedoor.com/topics/detail/15870853/
8,2019/01/26 18:12:40,恐竜など地球生物の75％が死亡 6500万年前の「巨大隕石の衝突」,http://news.livedoor.com/topics/detail/15866175/
9,2019/01/26 18:12:40,ブラックホール 超高速回転か,http://news.livedoor.com/topics/detail/15865151/
10,2019/01/26 18:12:40,奇妙な「メイオール天体」おおぐま座の方向約5億光年の距離に存在,http://news.livedoor.com/topics/detail/15865018/
11,2019/01/26 18:12:40,深宇宙から飛来する「反復する」謎の電波を検出 科学者らは当惑,http://news.livedoor.com/topics/detail/15852506/
12,2019/01/26 18:12:40,超大質量ブラックホールが生み出す銀河の光,http://news.livedoor.com/topics/detail/15850532/
13,2019/01/26 18:12:40,10年以内に火星への有人飛行は実現する スペースXの社長が発言,http://news.livedoor.com/topics/detail/15836422/
14,2019/01/26 18:12:40,地球が毎年約5万トンずつ減少している理由 人間にとっての影響は？,http://news.livedoor.com/topics/detail/15833472/
15,2019/01/26 18:12:40,中国の無人探査機が世界で初めて上陸 撮影された月の裏側の様子,http://news.livedoor.com/topics/detail/15831968/
16,2019/01/26 18:12:40,分厚い氷の下に閉じ込められている？地球外生命体の可能性を解説,http://news.livedoor.com/topics/detail/15829513/
17,2019/01/26 18:12:40,世界で初めて中国の探査機が月の裏側に到着か 中国国営TVが報じる,http://news.livedoor.com/topics/detail/15824234/
18,2019/01/26 18:12:40,中国の探査機 「月の裏側」着陸,http://news.livedoor.com/topics/detail/15824256/
19,2019/01/26 18:12:40,史上最も遠い天体は「雪だるま」のような形だった NASAが画像公開,http://news.livedoor.com/topics/detail/15823549/
